{"cameraMode":{"drawMode":0,"name":"Shaded","section":"Shading Mode"},"sceneLighting":false,"audioPlay":false,"sceneViewState":{"showFog":true,"showMaterialUpdate":false,"showSkybox":true,"showFlares":true,"showImageEffects":true,"showParticleSystems":true,"showVisualEffectGraphs":true,"m_FxEnabled":true},"in2DMode":false,"pivot":{"x":1220.9056396484375,"y":35.78855514526367,"z":1839.7442626953125},"rotation":{"x":0.46877002716064455,"y":0.05690259486436844,"z":-0.030276162549853326,"w":0.8809743523597717},"size":78.5040054321289,"orthographic":false}