{"cameraMode":{"drawMode":0,"name":"Shaded","section":"Shading Mode"},"sceneLighting":true,"audioPlay":false,"sceneViewState":{"showFog":true,"showMaterialUpdate":false,"showSkybox":true,"showFlares":true,"showImageEffects":true,"showParticleSystems":true,"showVisualEffectGraphs":true,"m_FxEnabled":true},"in2DMode":false,"pivot":{"x":-0.7472661733627319,"y":-6.600348472595215,"z":22.999019622802736},"rotation":{"x":-0.16690707206726075,"y":0.014491246081888676,"z":-0.002453362802043557,"w":-0.9858681559562683},"size":17.41867446899414,"orthographic":false}